rouge_1_f,rouge_1_precision,rouge_1_recall,rouge_2_f,rouge_2_precision,rouge_2_recall,rouge_l_f,rouge_l_precision,rouge_l_recall,bleu_score
0.6357872326923943,0.4864319868335313,0.931461996113217,0.5578044792646675,0.4133604542903644,0.8744941772818788,0.6334820936244508,0.4845640537227058,0.9283986803984767,0.3665617944218003
0.6303322019900679,0.48771781038887957,0.9109863966090215,0.5512859138142909,0.41301907134022425,0.8513272213352402,0.6277271668095257,0.48545591826943674,0.9077674332475194,0.36746241833873455
0.6281668176704976,0.4881857764758736,0.8965617240475471,0.5398476297821851,0.4054503704413845,0.8274882090716414,0.6244751444339307,0.48514115329603297,0.8917687490175683,0.36380631501222543
0.6353591795453237,0.5000416194675116,0.8925476985798484,0.5439712618414748,0.4122644271713109,0.823718840526093,0.6320587809967507,0.49722749435158337,0.8884459860906307,0.37649830426789926
0.628388442757155,0.4868763216516243,0.9001773650539907,0.5395481837679746,0.4040259338840576,0.829330623360485,0.6244615309096666,0.48365102250149317,0.8950487189240718,0.35579025786614393
