rouge_1_f,rouge_1_precision,rouge_1_recall,rouge_2_f,rouge_2_precision,rouge_2_recall,rouge_l_f,rouge_l_precision,rouge_l_recall,bleu_score
0.6751996303853481,0.737599766097161,0.6479970779920363,0.5859202527227175,0.6586588531004138,0.5570010889447041,0.6700771447771666,0.7317760894184705,0.6431703985372261,0.4727093982712919
0.6538395398063608,0.7137863015434577,0.6406963519446828,0.5628812456754437,0.6285679613921589,0.5502446791785549,0.6485961605333724,0.7078036774825456,0.635698314676,0.45417196726312214
0.6348574945765346,0.7833178755856742,0.5601269820995455,0.5398610216608869,0.6992272104316137,0.46865613747315704,0.6295043290275755,0.7765100275010591,0.5555540923367746,0.39111809535098274
0.5847966721206259,0.6980003552062062,0.5539909810660951,0.4867349338923193,0.5940075615346125,0.4674181406216896,0.5795316605915639,0.6912035632405236,0.549347694786235,0.372698689058887
0.6062367570743172,0.7944602930767796,0.5153916443572628,0.5010610171684601,0.7072003982675636,0.4140571969211354,0.6003139713472175,0.7868059354845216,0.5103235887512901,0.33926575774488077
