rouge_1_f,rouge_1_precision,rouge_1_recall,rouge_2_f,rouge_2_precision,rouge_2_recall,rouge_l_f,rouge_l_precision,rouge_l_recall,bleu_score
0.6618003246719543,0.5210595234636809,0.919270812657435,0.5850495458950054,0.4484686240928035,0.8573028931279608,0.6592565710770769,0.5189697406117072,0.9159579911768512,0.3989862124309152
0.6629003079254009,0.5300492970021856,0.8989232426031287,0.5850064458438107,0.4564052113622303,0.8333358503513587,0.6602046172144189,0.5278076316673257,0.8954976436519106,0.4092819255566174
0.6736180488558362,0.537576054220824,0.9137199446759597,0.5913942180221685,0.4586654576332233,0.8477632140632135,0.6706066713077078,0.535096027738303,0.9098449974550732,0.4115049541683203
0.6423555146689203,0.5392246308585956,0.8319965875492601,0.5495162231296066,0.4493976196604971,0.7558167409155017,0.6388458760137148,0.536107183696566,0.8277356501442726,0.40494679083990553
0.6675619909753112,0.534003121280006,0.9017482602174074,0.5821656387637559,0.45312157318014046,0.828837173847405,0.6637421668784471,0.5308243758514974,0.8968981288100069,0.40126638218275584
