Model,Vectorizer,Accuracy,Precision,Recall,F1 Score
lr,TFIDF,0.965625,0.9656431891870778,0.965625,0.9656246643033622
dt,TFIDF,0.871875,0.8725881570192946,0.871875,0.8718136608337975
rf,TFIDF,0.953125,0.9545632665856812,0.953125,0.9530878917894038
ab,TFIDF,0.89375,0.8959773727215588,0.89375,0.8936003755280865
nb,TFIDF,0.978125,0.9781436774874018,0.978125,0.978124786374867
