Model,Vectorizer,Accuracy,Precision,Recall,F1 Score
lr,BoW,0.9662921348314607,0.9663463283182585,0.9662921348314607,0.9661713220486018
dt,BoW,0.8292134831460675,0.8296192375442503,0.8292134831460675,0.8287811362348234
rf,BoW,0.9640449438202248,0.9645697862452236,0.9640449438202248,0.9640240698328406
ab,BoW,0.9168539325842696,0.9201673213361348,0.9168539325842696,0.9173560647338181
nb,BoW,0.9707865168539326,0.9727867637979998,0.9707865168539326,0.9708415057362676
