Model,Vectorizer,Accuracy,Precision,Recall,F1 Score
lr,TFIDF,0.9730337078651685,0.973259693881591,0.9730337078651685,0.9730172828323523
dt,TFIDF,0.8202247191011236,0.8222012615107614,0.8202247191011236,0.8201541018752054
rf,TFIDF,0.9617977528089887,0.9623155881351518,0.9617977528089887,0.9618043128743579
ab,TFIDF,0.9168539325842696,0.9195675350849916,0.9168539325842696,0.9174422744993596
nb,TFIDF,0.9685393258426966,0.9708702631027984,0.9685393258426966,0.9685858366288095
